id,pregunta
[0],Facebook pixel not showing add to cart event when setting up using Tealium Facebook tag
[1],"Openpyxl returning ""Series"" instead of value"
[2],Python trend changepoint detection
[3],NextJS 13 nullable dynamic segment
[4],"I'm trying to use inline forms and updateView, but is not working"
[5],How to load data on page start in .net maui
[6],"Create a JavaScript function that takes two arguments named a and b: If a and b are strings, return them concatenated"
[7],.NET 6 Dependency Resolution - register implementation that loads a registration from the same list
[8],Selenium on shared hosting
[9],How to convert html to pdf in node js
[10],How to highlight the differences in nearly duplicate rows of a dataframe?
[11],The best way to test appsettings.release.json locally in .net
[12],React: Fetch API response (no response or stuck) timeout after 60 seconds?
[13],Shopware 6 visibilities and categories are empty in api
